[
{"k":"0000000079","o":"0000002159","v":"001"},
{"_id":2,"_uid":23,"_dt":1445803626661,"_s":"1a3bb7b5fe952efc74d78385297ac35a"},
{"nombre":"Línea B","colorHex":"ccca9a9a9","iconoBase64":"iconos/lineas/11.png","_id":{"$wrap":"$oid","v":2},"estaciones":[{"nombre":"Buenavista","latitud":19.446501,"longitud":-99.153198,"_id":{"$wrap":"$oid","v":3}},{"nombre":"Guerrero","latitud":19.444799,"longitud":-99.145401,"_id":{"$wrap":"$oid","v":4}},{"nombre":"Garibaldi","latitud":19.444401,"longitud":-99.139801,"_id":{"$wrap":"$oid","v":5}},{"nombre":"Lagunilla","latitud":19.4433,"longitud":-99.130997,"_id":{"$wrap":"$oid","v":6}},{"nombre":"Tepito","latitud":19.442801,"longitud":-99.123703,"_id":{"$wrap":"$oid","v":7}},{"nombre":"Morelos","latitud":19.4391,"longitud":-99.119598,"_id":{"$wrap":"$oid","v":8}},{"nombre":"San Lázaro","latitud":19.4303,"longitud":-99.114799,"_id":{"$wrap":"$oid","v":9}},{"nombre":"Ricardo Flores Magón","latitud":19.4366,"longitud":-99.103699,"_id":{"$wrap":"$oid","v":10}},{"nombre":"Romero Rubio","latitud":19.4408,"longitud":-99.094299,"_id":{"$wrap":"$oid","v":11}},{"nombre":"Oceanía","latitud":19.445801,"longitud":-99.087196,"_id":{"$wrap":"$oid","v":12}},{"nombre":"Deportivo Oceanía","latitud":19.451,"longitud":-99.079399,"_id":{"$wrap":"$oid","v":13}},{"nombre":"Bosque de Aragón","latitud":19.458105,"longitud":-99.069257,"_id":{"$wrap":"$oid","v":14}},{"nombre":"Villa de Aragón","latitud":19.4617,"longitud":-99.061302,"_id":{"$wrap":"$oid","v":15}},{"nombre":"Nezahualcóyotl","latitud":19.473101,"longitud":-99.054497,"_id":{"$wrap":"$oid","v":16}},{"nombre":"Impulsora","latitud":19.485901,"longitud":-99.048897,"_id":{"$wrap":"$oid","v":17}},{"nombre":"Río de los Remedios","latitud":19.490999,"longitud":-99.0467,"_id":{"$wrap":"$oid","v":18}},{"nombre":"Muzquiz","latitud":19.500999,"longitud":-99.041901,"_id":{"$wrap":"$oid","v":19}},{"nombre":"Ecatepec","latitud":19.515301,"longitud":-99.036003,"_id":{"$wrap":"$oid","v":20}},{"nombre":"Olímpica","latitud":19.521299,"longitud":-99.033401,"_id":{"$wrap":"$oid","v":21}},{"nombre":"Plaza Aragón","latitud":19.5285,"longitud":-99.030197,"_id":{"$wrap":"$oid","v":22}},{"nombre":"Ciudad Azteca","latitud":19.534599,"longitud":-99.027496,"_id":{"$wrap":"$oid","v":23}}],"__v":0},
{"k":"0000000080","o":"0000001087","v":"001"},
{"_id":24,"_uid":34,"_dt":1445803626680,"_s":"d353330968792ef38834aea123de7727"},
{"nombre":"Línea A","colorHex":"991A91","iconoBase64":"iconos/lineas/10.png","_id":{"$wrap":"$oid","v":24},"estaciones":[{"nombre":"Pantitlán","latitud":19.4154,"longitud":-99.072197,"_id":{"$wrap":"$oid","v":25}},{"nombre":"Agrícola Oriental","latitud":19.4048,"longitud":-99.069901,"_id":{"$wrap":"$oid","v":26}},{"nombre":"Canal de San Juan","latitud":19.3985,"longitud":-99.059303,"_id":{"$wrap":"$oid","v":27}},{"nombre":"Tepalcates","latitud":19.3913,"longitud":-99.046402,"_id":{"$wrap":"$oid","v":28}},{"nombre":"Guelatao","latitud":19.385099,"longitud":-99.035599,"_id":{"$wrap":"$oid","v":29}},{"nombre":"Peñón Viejo","latitud":19.373301,"longitud":-99.017097,"_id":{"$wrap":"$oid","v":30}},{"nombre":"Acatitla","latitud":19.3647,"longitud":-99.005699,"_id":{"$wrap":"$oid","v":31}},{"nombre":"Santa Marta","latitud":19.3603,"longitud":-98.995102,"_id":{"$wrap":"$oid","v":32}},{"nombre":"Los Reyes","latitud":19.358999,"longitud":-98.976898,"_id":{"$wrap":"$oid","v":33}},{"nombre":"La Paz","latitud":19.3507,"longitud":-98.960999,"_id":{"$wrap":"$oid","v":34}}],"__v":0},
{"k":"0000000080","o":"0000001264","v":"001"},
{"_id":35,"_uid":47,"_dt":1445803626696,"_s":"f14a4b8b37139a39eaa0dda4cd5a659c"},
{"nombre":"Línea 9","colorHex":"4F2926","iconoBase64":"iconos/lineas/9.png","_id":{"$wrap":"$oid","v":35},"estaciones":[{"nombre":"Tacubaya","latitud":19.4032,"longitud":-99.187103,"_id":{"$wrap":"$oid","v":36}},{"nombre":"Patriotismo","latitud":19.4062,"longitud":-99.178902,"_id":{"$wrap":"$oid","v":37}},{"nombre":"Chilpancingo","latitud":19.4062,"longitud":-99.168404,"_id":{"$wrap":"$oid","v":38}},{"nombre":"Centro Médico","latitud":19.4069,"longitud":-99.155197,"_id":{"$wrap":"$oid","v":39}},{"nombre":"Lázaro Cárdenas","latitud":19.4069,"longitud":-99.144699,"_id":{"$wrap":"$oid","v":40}},{"nombre":"Chabacano","latitud":19.4084,"longitud":-99.135803,"_id":{"$wrap":"$oid","v":41}},{"nombre":"Jamaica","latitud":19.4088,"longitud":-99.1222,"_id":{"$wrap":"$oid","v":42}},{"nombre":"Mixiuhca","latitud":19.4086,"longitud":-99.1129,"_id":{"$wrap":"$oid","v":43}},{"nombre":"Velódromo","latitud":19.4086,"longitud":-99.102997,"_id":{"$wrap":"$oid","v":44}},{"nombre":"Ciudad Deportiva","latitud":19.408501,"longitud":-99.091202,"_id":{"$wrap":"$oid","v":45}},{"nombre":"Puebla","latitud":19.4072,"longitud":-99.081902,"_id":{"$wrap":"$oid","v":46}},{"nombre":"Pantitlán","latitud":19.4154,"longitud":-99.072197,"_id":{"$wrap":"$oid","v":47}}],"__v":0},
{"k":"0000000080","o":"0000001944","v":"001"},
{"_id":48,"_uid":67,"_dt":1445803626721,"_s":"4074c23de56ec7d65403cc29eb43cb7c"},
{"nombre":"Línea 8","colorHex":"00923F","iconoBase64":"iconos/lineas/8.png","_id":{"$wrap":"$oid","v":48},"estaciones":[{"nombre":"Garibaldi","latitud":19.444401,"longitud":-99.139801,"_id":{"$wrap":"$oid","v":49}},{"nombre":"Bellas Artes","latitud":19.436199,"longitud":-99.141899,"_id":{"$wrap":"$oid","v":50}},{"nombre":"San Juan de Letrán","latitud":19.431299,"longitud":-99.141602,"_id":{"$wrap":"$oid","v":51}},{"nombre":"Salto del Agua","latitud":19.4268,"longitud":-99.142197,"_id":{"$wrap":"$oid","v":52}},{"nombre":"Doctores","latitud":19.4217,"longitud":-99.143303,"_id":{"$wrap":"$oid","v":53}},{"nombre":"Obrera","latitud":19.413099,"longitud":-99.144096,"_id":{"$wrap":"$oid","v":54}},{"nombre":"Chabacano","latitud":19.4084,"longitud":-99.135803,"_id":{"$wrap":"$oid","v":55}},{"nombre":"La Viga","latitud":19.406601,"longitud":-99.126297,"_id":{"$wrap":"$oid","v":56}},{"nombre":"Santa Anita","latitud":19.4027,"longitud":-99.121696,"_id":{"$wrap":"$oid","v":57}},{"nombre":"Coyuya","latitud":19.3986,"longitud":-99.113503,"_id":{"$wrap":"$oid","v":58}},{"nombre":"Iztacalco","latitud":19.3887,"longitud":-99.112198,"_id":{"$wrap":"$oid","v":59}},{"nombre":"Apatlaco","latitud":19.379299,"longitud":-99.109596,"_id":{"$wrap":"$oid","v":60}},{"nombre":"Aculco","latitud":19.3738,"longitud":-99.107697,"_id":{"$wrap":"$oid","v":61}},{"nombre":"Escuadrón 201","latitud":19.365,"longitud":-99.1092,"_id":{"$wrap":"$oid","v":62}},{"nombre":"Atlalilco","latitud":19.356199,"longitud":-99.101303,"_id":{"$wrap":"$oid","v":63}},{"nombre":"Iztapalapa","latitud":19.357901,"longitud":-99.093498,"_id":{"$wrap":"$oid","v":64}},{"nombre":"Cerro de la Estrella","latitud":19.3561,"longitud":-99.085503,"_id":{"$wrap":"$oid","v":65}},{"nombre":"UAM-I","latitud":19.3508,"longitud":-99.074699,"_id":{"$wrap":"$oid","v":66}},{"nombre":"Constitución de 1917","latitud":19.346001,"longitud":-99.063904,"_id":{"$wrap":"$oid","v":67}}],"__v":0},
{"k":"0000000080","o":"0000001477","v":"001"},
{"_id":68,"_uid":82,"_dt":1445803626730,"_s":"10232bd86a107a23e7a786f535e3d2b0"},
{"nombre":"Línea 7","colorHex":"E87B14","iconoBase64":"iconos/lineas/7.png","_id":{"$wrap":"$oid","v":68},"estaciones":[{"nombre":"El Rosario","latitud":19.504601,"longitud":-99.200104,"_id":{"$wrap":"$oid","v":69}},{"nombre":"Aquiles Serdán","latitud":19.490499,"longitud":-99.194901,"_id":{"$wrap":"$oid","v":70}},{"nombre":"Camarones","latitud":19.4792,"longitud":-99.190201,"_id":{"$wrap":"$oid","v":71}},{"nombre":"Refinería","latitud":19.4701,"longitud":-99.1903,"_id":{"$wrap":"$oid","v":72}},{"nombre":"Tacuba","latitud":19.459499,"longitud":-99.188698,"_id":{"$wrap":"$oid","v":73}},{"nombre":"San Joaquín","latitud":19.445801,"longitud":-99.191803,"_id":{"$wrap":"$oid","v":74}},{"nombre":"Polanco","latitud":19.433701,"longitud":-99.190697,"_id":{"$wrap":"$oid","v":75}},{"nombre":"Auditorio","latitud":19.425501,"longitud":-99.192001,"_id":{"$wrap":"$oid","v":76}},{"nombre":"Constituyentes","latitud":19.4119,"longitud":-99.191299,"_id":{"$wrap":"$oid","v":77}},{"nombre":"Tacubaya","latitud":19.4032,"longitud":-99.187103,"_id":{"$wrap":"$oid","v":78}},{"nombre":"San Pedro de los Pinos","latitud":19.3913,"longitud":-99.186096,"_id":{"$wrap":"$oid","v":79}},{"nombre":"San Antonio","latitud":19.3848,"longitud":-99.186302,"_id":{"$wrap":"$oid","v":80}},{"nombre":"Mixcoac","latitud":19.3762,"longitud":-99.187798,"_id":{"$wrap":"$oid","v":81}},{"nombre":"Barranca del Muerto","latitud":19.360701,"longitud":-99.189598,"_id":{"$wrap":"$oid","v":82}}],"__v":0},
{"k":"0000000080","o":"0000001213","v":"001"},
{"_id":83,"_uid":94,"_dt":1445803626738,"_s":"258c68dc37a87d466852978b815950d1"},
{"nombre":"Línea 6","colorHex":"DA251C","iconoBase64":"iconos/lineas/6.png","_id":{"$wrap":"$oid","v":83},"estaciones":[{"nombre":"El Rosario","latitud":19.504601,"longitud":-99.200104,"_id":{"$wrap":"$oid","v":84}},{"nombre":"Tezozomoc","latitud":19.494699,"longitud":-99.19559,"_id":{"$wrap":"$oid","v":85}},{"nombre":"Azcapotzalco","latitud":19.490999,"longitud":-99.186401,"_id":{"$wrap":"$oid","v":86}},{"nombre":"Ferrería","latitud":19.490499,"longitud":-99.173897,"_id":{"$wrap":"$oid","v":87}},{"nombre":"Norte 45","latitud":19.488899,"longitud":-99.163498,"_id":{"$wrap":"$oid","v":88}},{"nombre":"Vallejo","latitud":19.490299,"longitud":-99.155602,"_id":{"$wrap":"$oid","v":89}},{"nombre":"Instituto del Petróleo","latitud":19.490801,"longitud":-99.147102,"_id":{"$wrap":"$oid","v":90}},{"nombre":"Lindavista","latitud":19.4879,"longitud":-99.134598,"_id":{"$wrap":"$oid","v":91}},{"nombre":"Deportivo 18 de Marzo","latitud":19.483801,"longitud":-99.126602,"_id":{"$wrap":"$oid","v":92}},{"nombre":"La Villa-Basílica","latitud":19.4816,"longitud":-99.117897,"_id":{"$wrap":"$oid","v":93}},{"nombre":"Martín Carrera","latitud":19.485001,"longitud":-99.104401,"_id":{"$wrap":"$oid","v":94}}],"__v":0},
{"k":"0000000081","o":"0000001387","v":"001"},
{"_id":95,"_uid":108,"_dt":1445803626745,"_s":"36b4a57943cfa687d30128709cac96e2"},
{"nombre":"Línea 5","colorHex":"F7D417","iconoBase64":"iconos/lineas/5.png","_id":{"$wrap":"$oid","v":95},"estaciones":[{"nombre":"Politécnico","latitud":19.5009,"longitud":-99.1493,"_id":{"$wrap":"$oid","v":96}},{"nombre":"Instituto del Petróleo","latitud":19.4908,"longitud":-99.14709,"_id":{"$wrap":"$oid","v":97}},{"nombre":"Autobuses del Norte","latitud":19.479099,"longitud":-99.140701,"_id":{"$wrap":"$oid","v":98}},{"nombre":"La Raza","latitud":19.470301,"longitud":-99.136902,"_id":{"$wrap":"$oid","v":99}},{"nombre":"Misterios","latitud":19.4634,"longitud":-99.130798,"_id":{"$wrap":"$oid","v":100}},{"nombre":"Valle Gómez","latitud":19.4594,"longitud":-99.119499,"_id":{"$wrap":"$oid","v":101}},{"nombre":"Consulado","latitud":19.458099,"longitud":-99.113899,"_id":{"$wrap":"$oid","v":102}},{"nombre":"Eduardo Molina","latitud":19.451401,"longitud":-99.1054,"_id":{"$wrap":"$oid","v":103}},{"nombre":"Aragón","latitud":19.4512,"longitud":-99.096397,"_id":{"$wrap":"$oid","v":104}},{"nombre":"Oceanía","latitud":19.445801,"longitud":-99.087196,"_id":{"$wrap":"$oid","v":105}},{"nombre":"Terminal Aérea","latitud":19.4338,"longitud":-99.0877,"_id":{"$wrap":"$oid","v":106}},{"nombre":"Hangares","latitud":19.4242,"longitud":-99.087898,"_id":{"$wrap":"$oid","v":107}},{"nombre":"Pantitlán","latitud":19.4154,"longitud":-99.072197,"_id":{"$wrap":"$oid","v":108}}],"__v":0},
{"k":"0000000082","o":"0000001087","v":"001"},
{"_id":109,"_uid":119,"_dt":1445803626752,"_s":"40d6b959c5ee3b603e9aa4fbc0fa5af7"},
{"nombre":"Línea 4","colorHex":"6FB6AE","iconoBase64":"iconos/lineas/4.png","_id":{"$wrap":"$oid","v":109},"estaciones":[{"nombre":"Martín Carrera","latitud":19.485001,"longitud":-99.104401,"_id":{"$wrap":"$oid","v":110}},{"nombre":"Talismán","latitud":19.4746,"longitud":-99.108002,"_id":{"$wrap":"$oid","v":111}},{"nombre":"Bondojito","latitud":19.464701,"longitud":-99.1119,"_id":{"$wrap":"$oid","v":112}},{"nombre":"Consulado","latitud":19.458099,"longitud":-99.113899,"_id":{"$wrap":"$oid","v":113}},{"nombre":"Canal del Norte","latitud":19.4489,"longitud":-99.116096,"_id":{"$wrap":"$oid","v":114}},{"nombre":"Morelos","latitud":19.4391,"longitud":-99.11959,"_id":{"$wrap":"$oid","v":115}},{"nombre":"Candelaria","latitud":19.428801,"longitud":-99.1194,"_id":{"$wrap":"$oid","v":116}},{"nombre":"Fray Servando","latitud":19.4217,"longitud":-99.120499,"_id":{"$wrap":"$oid","v":117}},{"nombre":"Jamaica","latitud":19.4088,"longitud":-99.1222,"_id":{"$wrap":"$oid","v":118}},{"nombre":"Santa Anita","latitud":19.4027,"longitud":-99.121696,"_id":{"$wrap":"$oid","v":119}}],"__v":0},
{"k":"0000000082","o":"0000002169","v":"001"},
{"_id":120,"_uid":141,"_dt":1445803626768,"_s":"e6daed044bea7fe932c229be787e23e9"},
{"nombre":"Línea 3","colorHex":"9E9A36","iconoBase64":"iconos/lineas/3.png","_id":{"$wrap":"$oid","v":120},"estaciones":[{"nombre":"Indios Verdes","latitud":19.495399,"longitud":-99.119499,"_id":{"$wrap":"$oid","v":121}},{"nombre":"Deportivo 18 de Marzo","latitud":19.483801,"longitud":-99.126602,"_id":{"$wrap":"$oid","v":122}},{"nombre":"Potrero","latitud":19.476999,"longitud":-99.132202,"_id":{"$wrap":"$oid","v":123}},{"nombre":"La Raza","latitud":19.470301,"longitud":-99.136902,"_id":{"$wrap":"$oid","v":124}},{"nombre":"Tlatelolco","latitud":19.455218,"longitud":-99.143164,"_id":{"$wrap":"$oid","v":125}},{"nombre":"Guerrero","latitud":19.444799,"longitud":-99.145401,"_id":{"$wrap":"$oid","v":126}},{"nombre":"Hidalgo","latitud":19.4373,"longitud":-99.147102,"_id":{"$wrap":"$oid","v":127}},{"nombre":"Juárez","latitud":19.433599,"longitud":-99.147903,"_id":{"$wrap":"$oid","v":128}},{"nombre":"Balderas","latitud":19.427401,"longitud":-99.149101,"_id":{"$wrap":"$oid","v":129}},{"nombre":"Niños Héroes","latitud":19.421,"longitud":-99.150497,"_id":{"$wrap":"$oid","v":130}},{"nombre":"Hospital General","latitud":19.413601,"longitud":-99.1539,"_id":{"$wrap":"$oid","v":131}},{"nombre":"Centro Médico","latitud":19.4069,"longitud":-99.155197,"_id":{"$wrap":"$oid","v":132}},{"nombre":"Etiopía","latitud":19.395599,"longitud":-99.156303,"_id":{"$wrap":"$oid","v":133}},{"nombre":"Eugenia","latitud":19.3855,"longitud":-99.157501,"_id":{"$wrap":"$oid","v":134}},{"nombre":"División del Norte","latitud":19.379849,"longitud":-99.159111,"_id":{"$wrap":"$oid","v":135}},{"nombre":"Zapata","latitud":19.370701,"longitud":-99.164902,"_id":{"$wrap":"$oid","v":136}},{"nombre":"Coyoacán","latitud":19.3615,"longitud":-99.170502,"_id":{"$wrap":"$oid","v":137}},{"nombre":"Viveros","latitud":19.353701,"longitud":-99.176003,"_id":{"$wrap":"$oid","v":138}},{"nombre":"Miguel Angel de Quevedo","latitud":19.3468,"longitud":-99.181,"_id":{"$wrap":"$oid","v":139}},{"nombre":"Copilco","latitud":19.335899,"longitud":-99.176598,"_id":{"$wrap":"$oid","v":140}},{"nombre":"Universidad","latitud":19.324499,"longitud":-99.174004,"_id":{"$wrap":"$oid","v":141}}],"__v":0},
{"k":"0000000082","o":"0000002416","v":"001"},
{"_id":142,"_uid":166,"_dt":1445803626785,"_s":"a47a59b4a31840555e6f612540f1e735"},
{"nombre":"Línea 2","colorHex":"0164A8","iconoBase64":"iconos/lineas/2.png","_id":{"$wrap":"$oid","v":142},"estaciones":[{"nombre":"Cuatro Caminos","latitud":19.4596,"longitud":-99.215897,"_id":{"$wrap":"$oid","v":143}},{"nombre":"Panteones","latitud":19.458799,"longitud":-99.203201,"_id":{"$wrap":"$oid","v":144}},{"nombre":"Tacuba","latitud":19.459499,"longitud":-99.188698,"_id":{"$wrap":"$oid","v":145}},{"nombre":"Cuitlahuac","latitud":19.4575,"longitud":-99.182198,"_id":{"$wrap":"$oid","v":146}},{"nombre":"Popotla","latitud":19.4522,"longitud":-99.174797,"_id":{"$wrap":"$oid","v":147}},{"nombre":"Colegio Militar","latitud":19.449301,"longitud":-99.171402,"_id":{"$wrap":"$oid","v":148}},{"nombre":"Normal","latitud":19.444401,"longitud":-99.167397,"_id":{"$wrap":"$oid","v":149}},{"nombre":"San Cosme","latitud":19.441799,"longitud":-99.161102,"_id":{"$wrap":"$oid","v":150}},{"nombre":"Revolución","latitud":19.4417,"longitud":-99.161102,"_id":{"$wrap":"$oid","v":151}},{"nombre":"Hidalgo","latitud":19.4373,"longitud":-99.147102,"_id":{"$wrap":"$oid","v":152}},{"nombre":"Bellas Artes","latitud":19.436199,"longitud":-99.141899,"_id":{"$wrap":"$oid","v":153}},{"nombre":"Allende","latitud":19.4356,"longitud":-99.137398,"_id":{"$wrap":"$oid","v":154}},{"nombre":"Zócalo","latitud":19.433001,"longitud":-99.1325,"_id":{"$wrap":"$oid","v":155}},{"nombre":"Pino Suárez","latitud":19.4259,"longitud":-99.133202,"_id":{"$wrap":"$oid","v":156}},{"nombre":"San Antonio Abad","latitud":19.418699,"longitud":-99.134102,"_id":{"$wrap":"$oid","v":157}},{"nombre":"Chabacano","latitud":19.4084,"longitud":-99.135803,"_id":{"$wrap":"$oid","v":158}},{"nombre":"Viaducto","latitud":19.4009,"longitud":-99.136902,"_id":{"$wrap":"$oid","v":159}},{"nombre":"Xola","latitud":19.395201,"longitud":-99.137802,"_id":{"$wrap":"$oid","v":160}},{"nombre":"Villa de Cortés","latitud":19.3876,"longitud":-99.139,"_id":{"$wrap":"$oid","v":161}},{"nombre":"Nativitas","latitud":19.379499,"longitud":-99.140198,"_id":{"$wrap":"$oid","v":162}},{"nombre":"Portales","latitud":19.3699,"longitud":-99.141602,"_id":{"$wrap":"$oid","v":163}},{"nombre":"Ermita","latitud":19.3619,"longitud":-99.142899,"_id":{"$wrap":"$oid","v":164}},{"nombre":"General Anaya","latitud":19.3533,"longitud":-99.144997,"_id":{"$wrap":"$oid","v":165}},{"nombre":"Tasqueña","latitud":19.3442,"longitud":-99.142502,"_id":{"$wrap":"$oid","v":166}}],"__v":0},
{"k":"0000000082","o":"0000002066","v":"001"},
{"_id":167,"_uid":187,"_dt":1445803626794,"_s":"db06721f45d214436b8195d71b0135e8"},
{"nombre":"Línea 1","colorHex":"F54A91","iconoBase64":"iconos/lineas/1.png","_id":{"$wrap":"$oid","v":167},"estaciones":[{"nombre":"Observatorio","latitud":19.398551,"longitud":-99.200449,"_id":{"$wrap":"$oid","v":168}},{"nombre":"Tacubaya","latitud":19.4032,"longitud":-99.187103,"_id":{"$wrap":"$oid","v":169}},{"nombre":"Juanacatlán","latitud":19.412901,"longitud":-99.182198,"_id":{"$wrap":"$oid","v":170}},{"nombre":"Chapultepec","latitud":19.420799,"longitud":-99.1763,"_id":{"$wrap":"$oid","v":171}},{"nombre":"Sevilla","latitud":19.4219,"longitud":-99.170601,"_id":{"$wrap":"$oid","v":172}},{"nombre":"Insurgentes","latitud":19.423599,"longitud":-99.162804,"_id":{"$wrap":"$oid","v":173}},{"nombre":"Cuauhtémoc","latitud":19.4259,"longitud":-99.154701,"_id":{"$wrap":"$oid","v":174}},{"nombre":"Balderas","latitud":19.427401,"longitud":-99.149101,"_id":{"$wrap":"$oid","v":175}},{"nombre":"Salto del Agua","latitud":19.4268,"longitud":-99.142197,"_id":{"$wrap":"$oid","v":176}},{"nombre":"Isabel la Católica","latitud":19.4265,"longitud":-99.137497,"_id":{"$wrap":"$oid","v":177}},{"nombre":"Pino Suárez","latitud":19.4259,"longitud":-99.133202,"_id":{"$wrap":"$oid","v":178}},{"nombre":"Merced","latitud":19.425501,"longitud":-99.124702,"_id":{"$wrap":"$oid","v":179}},{"nombre":"Candelaria","latitud":19.428801,"longitud":-99.1194,"_id":{"$wrap":"$oid","v":180}},{"nombre":"San Lázaro","latitud":19.4303,"longitud":-99.114799,"_id":{"$wrap":"$oid","v":181}},{"nombre":"Moctezuma","latitud":19.4272,"longitud":-99.110298,"_id":{"$wrap":"$oid","v":182}},{"nombre":"Balbuena","latitud":19.423,"longitud":-99.102501,"_id":{"$wrap":"$oid","v":183}},{"nombre":"Boulevard Puerto Aéreo","latitud":19.419701,"longitud":-99.096001,"_id":{"$wrap":"$oid","v":184}},{"nombre":"Gómez Farías","latitud":19.4158,"longitud":-99.090302,"_id":{"$wrap":"$oid","v":185}},{"nombre":"Zaragoza","latitud":19.4123,"longitud":-99.082397,"_id":{"$wrap":"$oid","v":186}},{"nombre":"Pantitlán","latitud":19.4154,"longitud":-99.072197,"_id":{"$wrap":"$oid","v":187}}],"__v":0}]